Common Diseases,Symptom-1,Symptom-2,Symptom-3,Symptom-4,Symptom-5,Symptom-6,Symptom-7,Symptom-8,Investigations,Treatment
Pulmonary Tuberculosis,Fever,Weight loss,Cough,Chest Pain ,,,,,"Chest X-ray, Gene-Xpert (CBNAAT), CT Scan","Isoniazid, Rifampicin, Pyrazinamide, Ethambutol"
Asthma,Dyspnea,Breathlessness,Chest pain,Coughing,Wheezing,Heavy breathing,breathing with whistling sound,,"Spirometry, Nitric oxide test, X-Ray, CT scan of sinuses","Inhalation steroidsFluticasone,Budesonide,Beclomethasone,Ciclesonide,Mometasone, Inhalation steroids"
Cerebrovascular Accident (Stroke),Muscle weakness of limb,Numbness of face & limbs,Clouded consciousness,Dizziness,Vertigo,,,,"CT Head, MRI Head, Blood tests, ECG, Echo cardiography, Cerebral Angiography","Thrombolysis-Activase ,TNKase, surgery"
Common cold/Influenza,Fever,Body ache,cough,Nose running ,sneezing,,,,"Viral culture, RT-PCR, Rapid molecular assays, immunofluorescence assays","Acitaminophen, Ibuprofen, Phenylpropanolamine, Brompheneramine, Chlorphenaramine, NSAID's"
Diarrhea,Abdominal pain,Nausea,Fever,Bloating symptom ,,,,,"Stool test, Fecal occult test","Loperamide, Bismuth subsalicylate, electrolytes"
Dengue,Fever,Headache,Muscle Pain & Joint Pain,Loss of appetite,,,,,"Non structural Protein 1 test, Ig G,M Test, RT -PCR Test, blood tests","Electrolyte replacement, IV Fluids, Acetaminophen"
Pneumonia,Chest pain ,Productive cough (with sputum),Productive cough,Nausea,Fever with Chills,Dyspnoea (Breathlessness),Dyspnoea,Breathlessness,"Blood test, chest X-ray, Pulse oximetry, sputum test",Amoxicillin dispersible tablets
Kidney stones,Left/right sided abdominal pain,Left sided abdominal pain,Right sided abdominal pain,Dysuria,Painful urination,Nausea,Vomiting,Increased frequency of urination ,"Urinalysis, Blood tests, Abdominal X-ray, CT-Scans","Increase Fluid intake, IV Fluids, Ureteroscopic stone removal, Laser lithotripsy,Naproxen, Ibuprofen, Aspirin"
Cirrhosis of Liver ,Fatigue,Loss of appetite,Nausea,Edema of lower leg,,,,,"CT, MRI, Liver enzymes, Liver Biopsy","Furosemide, Spironolactone, Therapeutic endoscopy"
Hemorrhoids,Rectal Bleeding,Pruritus Ani (Anal itch),Pruritus Ani,Anal itch,,,,,"Fecal occult test, Rectal examination, colonoscopy","High fibfre diet, stool softners, surgery"
Psoriasis,Eruption of Skin (Rashes),Eruption of Skin,Rashes,Pruritic rash (Itchy skin eruptions),Pruritic rash,Itchy skin eruptions,Itching of skin ,,Skin Biopsy,"Topical steroids cream,Light therapy, Tretinion, Retinyl Palmitate, Isotretnion, Salicyclic acid"
Chicken pox,Blister of skin ,Fever,Loss of appetite,Headache,,,,,"PCR-VSV, Virus culture, Serology Igg/m","Acetaminophen, Diphenhydramine, Calamine lotion"
Anxiety/ Depressive disorder,Thoughts of self harm ,Feeling bad ,Negative automatic thoughts,,,,,,"Depression, Anxiety, Stress Scale, Physical examination","rTMS(Repetitive Transcranial Magnetic Stimulation), Alprazolam, Lorazepam"
Rheumatoid arthritis,Fever,Fatigue,weakness,Joint Pain ,Joint Swelling ,,,,"CRP, ESR, Anti CCP antibodies","Sulfasalazine, Hydroxychloroquine, Prednisone"
Uterine Fibroid ,Abnormal menstrual cycle ,Pain in Pelvis ,,,,,,,"USG, Lab tests-CBC","Myomectomy, GnRH Agonists"
Cataract,Hazy vision,Eyes sensitive to light,,,,,,,"Visual acuity test, Retinal exam, Applanation tonometry",Phacoemulsification
